iso_a2,iso_a3,iso_n3,name_EN,name_short_EN,name_sort_EN,name_formal_EN,name_ISO_EN,name_ISO_FR,name_FR,name_Undata,name_WB,name_UN_EN,name_UN_FR,name_UN_ES,name_UN_RU,name_UN_CN,name_UN_AR
AW,ABW,533,Aruba,Aruba,Aruba,Aruba,Aruba,Aruba,Aruba,Aruba,Aruba,,,,,,
AF,AFG,4,Afghanistan,Afghanistan,Afghanistan,Islamic State of Afghanistan,Afghanistan,Afghanistan (l'),,Afghanistan,Afghanistan,Afghanistan,Afghanistan,‏Afganistán,Афганистан,阿富汗,أفغانستان
AO,AGO,24,Angola,Angola,Angola,People's Republic of Angola,Angola,,,,Angola,Angola,Angola,‏Angola,Ангола,安哥拉,أنغولا
AI,AIA,660,Anguilla,Anguilla,Anguilla,,Anguilla,,,,,,,,,,
AX,ALA,248,Aland Islands,Aland,Aland,land Islands,Åland Islands,Åland(les Îles),Îles Åland,,,,,,,,
AL,ALB,8,Albania,Albania,Albania,Republic of Albania,Albania,Albanie (l'),,Albania,Albania,Albania,Albanie,‏Albania,Албания,阿尔巴尼亚,ألبانيا
AD,AND,20,Andorra,Andorra,Andorra,Principality of Andorra,Andorra,Andorre (l'),,Angola (l'),Angola,Andorra,Andorre,‏Andorra,Андорра,安道尔,أندورا
AE,ARE,784,United Arab Emirates,United Arab Emirates,United Arab Emirates,United Arab Emirates,United Arab Emirates (the),Émirats arabes unis (les),,Anguilla,Anguilla,United Arab Emirates,Émirats arabes unis,‏Emiratos Árabes Unidos,Объединенные Арабские Эмираты,阿拉伯联合酋长国,الإمارات العربية المتحدة
AR,ARG,32,Argentina,Argentina,Argentina,Argentine Republic,Argentina,Argentine (l'),,Argentina,Argentina,Argentina,Argentine,‏Argentina,Аргентина,阿根廷,الأرجنتين
AM,ARM,51,Armenia,Armenia,Armenia,Republic of Armenia,Armenia,Arménie (l'),,Armenia,Armenia,Armenia,Arménie,‏Armenia,Армения,亚美尼亚,أرمينيا
AS,ASM,16,American Samoa,American Samoa,American Samoa,American Samoa,American Samoa,Samoa américaines (les),Samoa américaines,American Samoa,American Samoa,,,,,,
AQ,ATA,10,Antarctica,Antarctica,Antarctica,,Antarctica,Antarctique (l'),Antarctique,,,,,,,,
TF,ATF,260,French Southern and Antarctic Lands,Fr. S. Antarctic Lands,French Southern and Antarctic Lands,Territory of the French Southern and Antarctic Lands,French Southern Territories (the),Terres australes françaises (les),Terres australes françaises,,,,,,,,
AG,ATG,28,Antigua and Barbuda,Antigua and Barb.,Antigua and Barbuda,Antigua and Barbuda,Antigua and Barbuda,Antigua-et-Barbuda,,Antigua and Barbuda,Antigua and Barbuda,Antigua and Barbuda,Antigua-et-barbuda,‏Antigua y Barbuda,Антигуа и Барбуда,安提瓜和巴布达,أنتيغوا وبربودا
AU,AUS,36,Australia,Australia,Australia,Commonwealth of Australia,Australia,Australie (l'),,Australia,Australia,Australia,Australie,‏Australia,Австралия,澳大利亚,أستراليا
AT,AUT,40,Austria,Austria,Austria,Republic of Austria,Austria,Autriche (l'),,Austria,Austria,Austria,Autriche,‏Austria,Австрия,奥地利,النمسا
AZ,AZE,31,Azerbaijan,Azerbaijan,Azerbaijan,Republic of Azerbaijan,Azerbaijan,Azerbaïdjan (l'),,Azerbaijan,Azerbaijan,Azerbaijan,Azerbaïdjan,‏Azerbaiyán,Азербайджан,阿塞拜疆,أذربيجان
BI,BDI,108,Burundi,Burundi,Burundi,Republic of Burundi,Burundi,Burundi (le),,Burundi,Burundi,Burundi,Burundi,‏Burundi,Бурунди,布隆迪,بوروندي
BE,BEL,56,Belgium,Belgium,Belgium,Kingdom of Belgium,Belgium,Belgique (la),,Belgium,Belgium,Belgium,Belgique,‏Bélgica,Бельгия,比利时,بلجيكا
BJ,BEN,204,Benin,Benin,Benin,Republic of Benin,Benin,Bénin (le),,Benin,Benin,Benin,Bénin,‏Benin,Бенин,贝宁,بنن
BQ,BES,535,Caribbean Netherlands,Caribbean Netherlands,Caribbean Netherlands,"Bonaire, Sint Eustatius, and Saba","Bonaire, Sint Eustatius and Saba","Bonaire, Saint-Eustache et Saba",Pays-Bas caribéens,Caribbean Netherlands,,,,,,,
BF,BFA,854,Burkina Faso,Burkina Faso,Burkina Faso,Burkina Faso,Burkina Faso,Burkina Faso (le),,Burkina Faso,Burkina Faso,Burkina Faso,Burkina Faso,‏Burkina Faso,Буркина-Фасо,布基纳法索,بوركينا فاسو
BD,BGD,50,Bangladesh,Bangladesh,Bangladesh,People's Republic of Bangladesh,Bangladesh,Bangladesh (le),,Bangladesh,Bangladesh,Bangladesh,Bangladesh,‏Bangladesh,Бангладеш,孟加拉国,بنغلاديش
BG,BGR,100,Bulgaria,Bulgaria,Bulgaria,Republic of Bulgaria,Bulgaria,Bulgarie (la),,Bulgaria,Bulgaria,Bulgaria,Bulgarie,‏Bulgaria,Болгария,保加利亚,بلغاريا
BH,BHR,48,Bahrain,Bahrain,Bahrain,Kingdom of Bahrain,Bahrain,Bahreïn,,Bahrain,Bahrain,Bahrain,Bahreïn,‏Bahrein,Бахрейн,巴林,البحرين
BS,BHS,44,Bahamas,Bahamas,"Bahamas, The",Commonwealth of the Bahamas,Bahamas (the),Bahamas (les),,Bahamas,"Bahamas, The",Bahamas,Bahamas,‏Bahamas,Багамские Острова,巴哈马,جزر البهاما
BA,BIH,70,Bosnia and Herzegovina,Bosnia and Herz.,Bosnia and Herzegovina,Bosnia and Herzegovina,Bosnia and Herzegovina,Bosnie-Herzégovine (la),,Bosnia and Herzegovina,Bosnia and Herzegovina,Bosnia and Herzegovina,Bosnie-Herzégovine,‏Bosnia y Herzegovina,Босния и Герцеговина,波斯尼亚和黑塞哥维那,البوسنة والهرسك
BL,BLM,652,Saint-Barthlemy,St-Barthlemy,St-Barthlemy,Saint-Barthlemy,Saint Barthélemy,Saint-Barthélemy,Saint-Barthélemy,,,,,,,,
BY,BLR,112,Belarus,Belarus,Belarus,Republic of Belarus,Belarus,Bélarus (le),Biélorussie,Belarus,Belarus,Belarus,Bélarus,‏Belarús,Беларусь,白俄罗斯,بيلاروس
BZ,BLZ,84,Belize,Belize,Belize,Belize,Belize,Belize (le),,Belize,Belize,Belize,Belize,‏Belice,Белиз,伯利兹,بليز
BM,BMU,60,Bermuda,Bermuda,Bermuda,The Bermudas or Somers Isles,Bermuda,Bermudes (les),Bermudes,Bermuda,Bermuda,,,,,,
BO,BOL,68,Bolivia,Bolivia,Bolivia,Plurinational State of Bolivia,Bolivia (Plurinational State of),Bolivie (État plurinational de),Bolivie,Bolivia (Plurinational State of),Bolivia,Bolivia (Plurinational State of),Bolivie (État plurinational de),‏Bolivia (Estado Plurinacional de),Боливия (Многонациональное Государство),玻利维亚,بوليفيا (دولة-متعددة القوميات)
BR,BRA,76,Brazil,Brazil,Brazil,Federative Republic of Brazil,Brazil,Brésil (le),,Brazil,Brazil,Brazil,Brésil,‏Brasil,Бразилия,巴西,البرازيل
BB,BRB,52,Barbados,Barbados,Barbados,Barbados,Barbados,Barbade (la),,Barbados,Barbados,Barbados,Barbade,‏Barbados,Барбадос,巴巴多斯,بربادوس
BN,BRN,96,Brunei Darussalam,Brunei,Brunei,Negara Brunei Darussalam,Brunei Darussalam,Brunéi Darussalam (le),Brunéi,Brunei Darussalam,Brunei Darussalam,Brunei Darussalam,Brunei Darussalam,‏Brunei Darussalam,Бруней-Даруссалам,文莱达鲁萨兰国,بروني دار السلام
BT,BTN,64,Bhutan,Bhutan,Bhutan,Kingdom of Bhutan,Bhutan,Bhoutan (le),,Bhutan,Bhutan,Bhutan,Bhoutan,‏Bhután,Бутан,不丹,بوتان
BW,BWA,72,Botswana,Botswana,Botswana,Republic of Botswana,Botswana,Botswana (le),,Botswana,Botswana,Botswana,Botswana,‏Botswana,Ботсвана,博茨瓦纳,بوتسوانا
CF,CAF,140,Central African Republic,Central African Rep.,Central African Republic,Central African Republic,Central African Republic (the),République centrafricaine (la),Rép. centrafricaine,Central African Republic,Central African Republic,Central African Republic,République centrafricaine,‏República Centroafricana,ентральноафриканская Республика,中非共和国,جمهورية أفريقيا الوسطى
CA,CAN,124,Canada,Canada,Canada,Canada,Canada,Canada (le),,Canada,Canada,Canada,Canada,‏Canadá,Канада,加拿大,كندا
CH,CHE,756,Switzerland,Switzerland,Switzerland,Swiss Confederation,Switzerland,Suisse (la),,Switzerland,Switzerland,Switzerland,Suisse,‏Suiza,вейцария,瑞士,سويسرا
CL,CHL,152,Chile,Chile,Chile,Republic of Chile,Chile,Chili (le),,Chile,Chile,Chile,Chili,‏Chile,или,智利,شيلي
CN,CHN,156,China,China,China,People's Republic of China,China,Chine (la),,China,China,China,Chine,‏China,Китай,中国,الصين
CI,CIV,384,Côte d'Ivoire,Côte d'Ivoire,Côte d'Ivoire,Republic of Ivory Coast,Côte d'Ivoire,Côte d'Ivoire (la),,Côte d'Ivoire,Côte d'Ivoire,Côte D'Ivoire,Côte d'Ivoire,‏Côte d'Ivoire,Кот-д'Ивуар,科特迪瓦,كوت ديفوار
CM,CMR,120,Cameroon,Cameroon,Cameroon,Republic of Cameroon,Cameroon,Cameroun (le),,Cameroon,Cameroon,Cameroon,Cameroun,‏Camerún,Камерун,喀麦隆,الكاميرون
CD,COD,180,Democratic Republic of the Congo,Dem. Rep. Congo,"Congo, Dem. Rep.",Democratic Republic of the Congo,Congo (the Democratic Republic of the),Congo (la République démocratique du),RDC,Democratic Republic of the Congo,"Congo, Dem. Rep.",Democratic Republic of the Congo,République démocratique du Congo,‏República Democrática del Congo,Демократическая Республика Конго,刚果民主共和国,جمهورية الكونغو الديمقراطية
CG,COG,178,Republic of Congo,Congo,"Congo, Rep.",Republic of Congo,Congo (the),Congo (le),,Congo,"Congo, Rep.",Congo,Congo,‏Congo,Конго,刚果,الكونغو
CK,COK,184,Cook Islands,Cook Is.,Cook Islands,,Cook Islands (the),Cook (les Îles),Îles Cook,Cook Islands,,,,,,,
CO,COL,170,Colombia,Colombia,Colombia,Republic of Colombia,Colombia,Colombie (la),,Colombia,Colombia,Colombia,Colombie,‏Colombia,Колумбия,哥伦比亚,كولومبيا
KM,COM,174,Comoros,Comoros,Comoros,Union of the Comoros,Comoros (the),Comores (les),,Comoros,Comoros,Comoros,Comores,‏Comoras,Коморские Острова,科摩罗,جزر القمر
CV,CPV,132,Cape Verde,Cape Verde,Cape Verde,Republic of Cape Verde,Cabo Verde,Cabo Verde,Cap Vert,Cabo Verde,Cabo Verde,Cabo Verde,Cabo Verde (République de),‏Cabo Verde,Кабо-Верде,佛得角,الرأس الأخضر
CR,CRI,188,Costa Rica,Costa Rica,Costa Rica,Republic of Costa Rica,Costa Rica,Costa Rica (le),,Costa Rica,Costa Rica,Costa Rica,Costa Rica,‏Costa Rica,Коста-Рика,哥斯达黎加,كوستاريكا
CU,CUB,192,Cuba,Cuba,Cuba,Republic of Cuba,Cuba,Cuba,,Cuba,Cuba,Cuba,Cuba,‏Cuba,Куба,古巴,كوبا
CW,CUW,531,Curaao,Curaao,Curaao,Curaao,Curaçao,Curaçao,,Curaçao,Curaçao,,,,,,
KY,CYM,136,Cayman Islands,Cayman Is.,Cayman Islands,Cayman Islands,Cayman Islands (the),Caïmans (les Îles),Îles Caïmans,Cayman Islands,Cayman Islands,,,,,,
CY,CYP,196,Cyprus,Cyprus,Cyprus,Republic of Cyprus,Cyprus,Chypre,Chypre,Cyprus,Cyprus,Cyprus,Chypre,‏Chipre,Кипр,塞浦路斯,قبرص
CZ,CZE,203,Czech Republic,Czech Rep.,Czech Republic,Czech Republic,Czech Republic (the),tchèque (la République),Rép. tchèque,Czech Republic,Czech Republic,Czech Republic,République tchèque,‏República Checa,ешская Республика,捷克共和国,الجمهورية التشيكية
DE,DEU,276,Germany,Germany,Germany,Federal Republic of Germany,Germany,Allemagne (l'),,Germany,Germany,Germany,Allemagne,‏Alemania,Германия,德国,ألمانيا
DJ,DJI,262,Djibouti,Djibouti,Djibouti,Republic of Djibouti,Djibouti,Djibouti,,Djibouti,Djibouti,Djibouti,Djibouti,‏Djibouti,Джибути,吉布提,جيبوتي
DM,DMA,212,Dominica,Dominica,Dominica,Commonwealth of Dominica,Dominica,Dominique (la),,Dominica,Dominica,Dominica,Dominique,‏Dominica,Доминика,多米尼克,دومينيكا
DK,DNK,208,Denmark,Denmark,Denmark,Kingdom of Denmark,Denmark,Danemark (le),,Denmark,Denmark,Denmark,Danemark,‏Dinamarca,Дания,丹麦,الدانمرك
DO,DOM,214,Dominican Republic,Dominican Rep.,Dominican Republic,Dominican Republic,Dominican Republic (the),dominicaine (la République),Rép. dominicaine,Dominican Republic,Dominican Republic,Dominican Republic,République dominicaine,‏República Dominicana,Доминиканская Республика,多米尼加共和国,الجمهورية الدومينيكية
DZ,DZA,12,Algeria,Algeria,Algeria,People's Democratic Republic of Algeria,Algeria,Algérie (l'),,Algeria,Algeria,Algeria,Algérie,‏Argelia,Алжир,阿尔及利亚,الجزائر
EC,ECU,218,Ecuador,Ecuador,Ecuador,Republic of Ecuador,Ecuador,Équateur (l'),,Ecuador,Ecuador,Ecuador,Équateur,‏Ecuador,квадор,厄瓜多尔,إكوادور
EG,EGY,818,Egypt,Egypt,"Egypt, Arab Rep.",Arab Republic of Egypt,Egypt,Égypte (l'),,Egypt,"Egypt, Arab Rep.",Egypt,Égypte,‏Egipto,Египет,埃及,مصر
ER,ERI,232,Eritrea,Eritrea,Eritrea,State of Eritrea,Eritrea,Érythrée (l'),,Eritrea,Eritrea,Eritrea,Érythrée,‏Eritrea,ритрея,厄立特里亚,إريتريا
EH,ESH,732,Western Sahara,W. Sahara,Western Sahara,Sahrawi Arab Democratic Republic,Western Sahara,Sahara occidental (le),Sahara occidental,Western Sahara,,,,,,,
ES,ESP,724,Spain,Spain,Spain,Kingdom of Spain,Spain,Espagne (l'),,Spain,Spain,Spain,Espagne,‏España,Испания,西班牙,إسبانيا
EE,EST,233,Estonia,Estonia,Estonia,Republic of Estonia,Estonia,Estonie (l'),,Estonia,Estonia,Estonia,Estonie,‏Estonia,стония,爱沙尼亚,إستونيا
ET,ETH,231,Ethiopia,Ethiopia,Ethiopia,Federal Democratic Republic of Ethiopia,Ethiopia,Éthiopie (l'),,Ethiopia,Ethiopia,Ethiopia,Éthiopie,‏Etiopía,фиопия,埃塞俄比亚,إثيوبيا
FI,FIN,246,Finland,Finland,Finland,Republic of Finland,Finland,Finlande (la),,Finland,Finland,Finland,Finlande,‏Finlandia,Финляндия,芬兰,فنلندا
FJ,FJI,242,Fiji,Fiji,Fiji,Republic of Fiji,Fiji,Fidji (les),,Fiji,Fiji,Fiji,Fidji,‏Fiji,Фиджи,斐济,فيجي
FK,FLK,238,Falkland Islands,Falkland Is.,Falkland Islands,Falkland Islands,Falkland Islands (the) [Malvinas],Îles Falkland,Îles Malouines,Falkland Islands (Malvinas),,,,,,,
FR,FRA,250,France,France,France,French Republic,France,France (la),France (la),France,France,France,France,‏Francia,Франция,法国,فرنسا
FO,FRO,234,Faeroe Islands,Faeroe Is.,Faeroe Islands,Froyar Is. (Faeroe Is.),Faroe Islands (the),Féroé (les Îles),Îles Féroé,Faeroe Islands,Faeroe Islands,,,,,,
FM,FSM,583,Federated States of Micronesia,Micronesia,"Micronesia, Federated States of",Federated States of Micronesia,Micronesia (Federated States of),Micronésie (États fédérés de),Micronésie,Micronesia (Fed. States of),"Micronesia, Fed. Sts.",Micronesia (Federated States of),Micronésie (États fédérés de),‏Micronesia (Estados Federados de),Микронезия (Федеративные Штаты),密克罗尼西亚联邦,ميكرونيزيا (ولايات ــ الموحدة)
GA,GAB,266,Gabon,Gabon,Gabon,Gabonese Republic,Gabon,Gabon (le),,Gabon,Gabon,Gabon,Gabon,‏Gabón,Габон,加蓬,غابون
GB,GBR,826,United Kingdom,United Kingdom,United Kingdom,United Kingdom of Great Britain and Northern Ireland,United Kingdom of Great Britain and Northern Ireland (the),Royaume-Uni de Grande-Bretagne et d'Irlande du Nord (le),Royaume-Uni,United Kingdom,United Kingdom,United Kingdom of Great Britain and Northern Ireland,Royaume-Uni de Grande-Bretagne et d'Irlande du Nord,‏Reino Unido de Gran Bretaña e Irlanda del Norte,Соединенное Королевство Великобританиии Северной Ирландии,大不列颠及北爱尔兰联合王国,المملكة المتحدة لبريطانيا العظمى وآيرلندا الشمالية
GE,GEO,268,Georgia,Georgia,Georgia,Georgia,Georgia,Géorgie (la),,Georgia,Georgia,Georgia,Géorgie,‏Georgia,Грузия,格鲁吉亚,جورجيا
GG,GGY,831,Guernsey,Guernsey,Guernsey,Bailiwick of Guernsey,Guernsey,Guernesey,,,,,,,,,
GH,GHA,288,Ghana,Ghana,Ghana,Republic of Ghana,Ghana,Ghana (le),,Ghana,Ghana,Ghana,Ghana,‏Ghana,Гана,加纳,غانا
GI,GIB,292,Gibraltar,Gibraltar,Gibraltar,,Gibraltar,Gibraltar,,Gibraltar,,,,,,,
GN,GIN,324,Guinea,Guinea,Guinea,Republic of Guinea,Guinea,Guinée (la),,Guinea,Guinea,Guinea,Guinée,‏Guinea,Гвинея,几内亚,غينيا
GP,GLP,312,Guadeloupe,Guadeloupe,Guadeloupe,Department of Guadeloupe,Guadeloupe,Guadeloupe (la),Guadeloupe,Guadeloupe,,,,,,,
GM,GMB,270,The Gambia,Gambia,"Gambia, The",Republic of the Gambia,Gambia (the),Gambie (la),,Gambia,"Gambia, The",Gambia,Gambie,‏Gambia,Гамбия,冈比亚,غامبيا
GW,GNB,624,Guinea-Bissau,Guinea-Bissau,Guinea-Bissau,Republic of Guinea-Bissau,Guinea-Bissau,Guinée-Bissau (la),,Guinea-Bissau,Guinea-Bissau,Guinea Bissau,Guinée Bissau,‏Guinea Bissau,Гвинея-Бисау,几内亚比绍,غينيا - بيساو
GQ,GNQ,226,Equatorial Guinea,Eq. Guinea,Equatorial Guinea,Republic of Equatorial Guinea,Equatorial Guinea,Guinée équatoriale (la),,Equatorial Guinea,Equatorial Guinea,Equatorial Guinea,Guinée équatoriale,‏Guinea Ecuatorial,кваториальная Гвинея,赤道几内亚,غينيا الاستوائية
GR,GRC,300,Greece,Greece,Greece,Hellenic Republic,Greece,Grèce (la),,Greece,Greece,Greece,Grèce,‏Grecia,Греция,希腊,اليونان
GD,GRD,308,Grenada,Grenada,Grenada,Grenada,Grenada,Grenade (la),,Grenada,Grenada,Grenada,Grenade,‏Granada,Гренада,格林纳达,غرينادا
GL,GRL,304,Greenland,Greenland,Greenland,Greenland,Greenland,Groenland (le),Groenland,Greenland,Greenland,,,,,,
GT,GTM,320,Guatemala,Guatemala,Guatemala,Republic of Guatemala,Guatemala,Guatemala (le),,Guatemala,Guatemala,Guatemala,Guatemala,‏Guatemala,Гватемала,危地马拉,غواتيمالا
GF,GUF,254,Guyane française,Guyane française,Guyane,French Guiana,French Guiana,Guyane française (la ),Guyane française,French Guiana,,,,,,,
GU,GUM,316,Guam,Guam,Guam,Territory of Guam,Guam,Guam,,Guam,Guam,,,,,,
GY,GUY,328,Guyana,Guyana,Guyana,Co-operative Republic of Guyana,Guyana,Guyana (le),,Guyana,Guyana,Guyana,Guyana,‏Guyana,Гайана,圭亚那,غيانا
HK,HKG,344,Hong Kong,"Hong Kong, China (SAR)","Hong Kong SAR, China","Hong Kong Special Administrative Region, PRC",Hong Kong,Hong Kong,,"China, Hong Kong SAR","Hong Kong SAR, China",,,,,,
HN,HND,340,Honduras,Honduras,Honduras,Republic of Honduras,Honduras,Honduras (le),,Honduras,Honduras,Honduras,Honduras,‏Honduras,Гондурас,洪都拉斯,هندوراس
HR,HRV,191,Croatia,Croatia,Croatia,Republic of Croatia,Croatia,Croatie (la),,Croatia,Croatia,Croatia,Croatie,‏Croacia,Хорватия,克罗地亚,كرواتيا
HT,HTI,332,Haiti,Haiti,Haiti,Republic of Haiti,Haiti,Haïti,,Haiti,Haiti,Haiti,Haïti,‏Haití,Гаити,海地,هايتي
HU,HUN,348,Hungary,Hungary,Hungary,Republic of Hungary,Hungary,Hongrie (la),,Hungary,Hungary,Hungary,Hongrie,‏Hungría,Венгрия,匈牙利,هنغاريا
ID,IDN,360,Indonesia,Indonesia,Indonesia,Republic of Indonesia,Indonesia,Indonésie (l'),,Indonesia,Indonesia,Indonesia,Indonésie,‏Indonesia,Индонезия,印度尼西亚,إندونيسيا
IM,IMN,833,Isle of Man,Isle of Man,Isle of Man,,Isle of Man,Île de Man,,Isle of Man,Isle of Man,,,,,,
IN,IND,356,India,India,India,Republic of India,India,Inde (l'),,India,India,India,Inde,‏India,Индия,印度,الهند
IO,IOT,86,British Indian Ocean Territory,Br. Indian Ocean Ter.,British Indian Ocean Territory,,British Indian Ocean Territory (the),Indien (le Territoire britannique de l'océan),Territoire britannique de l'océan Indien,,,,,,,,
IE,IRL,372,Ireland,Ireland,Ireland,Ireland,Ireland,Irlande (l'),,Ireland,Ireland,Ireland,Irlande,‏Irlanda,Ирландия,爱尔兰,آيرلندا
IR,IRN,364,Iran,Iran,"Iran, Islamic Rep.",Islamic Republic of Iran,Iran (Islamic Republic of),Iran (République Islamique d'),Iran,Iran (Islamic Republic of),"Iran, Islamic Rep.",Iran (Islamic Republic of),Iran (République islamique d'),‏Irán (República Islámica del),Ирак,伊拉克,العراق
IQ,IRQ,368,Iraq,Iraq,Iraq,Republic of Iraq,Iraq,Iraq (l'),Irak,Iraq,Iraq,Iraq,Iraq,‏Iraq,Иран (Исламская Республика),伊朗伊斯兰共和国,إيران (جمهورية - الإسلامية)
IS,ISL,352,Iceland,Iceland,Iceland,Republic of Iceland,Iceland,Islande (l'),,Iceland,Iceland,Iceland,Islande,‏Islandia,Исландия,冰岛,آيسلندا
IL,ISR,376,Israel,Israel,Israel,State of Israel,Israel,Israël,,Israel,Israel,Israel,Israël,‏Israel,Израиль,以色列,إسرائيل
IT,ITA,380,Italy,Italy,Italy,Italian Republic,Italy,Italie (l'),,Italy,Italy,Italy,Italie,‏Italia,Италия,意大利,إيطاليا
JM,JAM,388,Jamaica,Jamaica,Jamaica,Jamaica,Jamaica,Jamaïque (la),,Jamaica,Jamaica,Jamaica,Jamaïque,‏Jamaica,майка,牙买加,جامايكا
JE,JEY,832,Jersey,Jersey,Jersey,Bailiwick of Jersey,Jersey,Jersey,,,,,,,,,
JO,JOR,400,Jordan,Jordan,Jordan,Hashemite Kingdom of Jordan,Jordan,Jordanie (la),,Jordan,Jordan,Jordan,Jordanie,‏Jordania,Иордания,约旦,الأردن
JP,JPN,392,Japan,Japan,Japan,Japan,Japan,Japon (le),,Japan,Japan,Japan,Japon,‏Japón,пония,日本,اليابان
KZ,KAZ,398,Kazakhstan,Kazakhstan,Kazakhstan,Republic of Kazakhstan,Kazakhstan,Kazakhstan (le),,Kazakhstan,Kazakhstan,Kazakhstan,Kazakhstan,‏Kazajstán,Казахстан,哈萨克斯坦,كازاخستان
KE,KEN,404,Kenya,Kenya,Kenya,Republic of Kenya,Kenya,Kenya (le),,Kenya,Kenya,Kenya,Kenya,‏Kenya,Кения,肯尼亚,كينيا
KG,KGZ,417,Kyrgyzstan,Kyrgyzstan,Kyrgyz Republic,Kyrgyz Republic,Kyrgyzstan,Kirghizistan (le),,Kyrgyzstan,Kyrgyz Republic,Kyrgyzstan,Kirghizistan,‏Kirguistán,Кыргызстан,吉尔吉斯斯坦,قيرغيزستان
KH,KHM,116,Cambodia,Cambodia,Cambodia,Kingdom of Cambodia,Cambodia,Cambodge (le),,Cambodia,Cambodia,Cambodia,Cambodge,‏Camboya,Камбоджа,柬埔寨,كمبوديا
KI,KIR,296,Kiribati,Kiribati,Kiribati,Republic of Kiribati,Kiribati,Kiribati,,Kiribati,Kiribati,Kiribati,Kiribati,‏Kiribati,Кирибати,基里巴斯共和国,كيريباس
KN,KNA,659,Saint Kitts and Nevis,St. Kitts and Nevis,St. Kitts and Nevis,Federation of Saint Kitts and Nevis,Saint Kitts and Nevis,Saint-Kitts-et-Nevis,,Saint Kitts and Nevis,St. Kitts and Nevis,Saint Kitts and Nevis,Saint-Kitts-et-Nevis,‏Saint Kitts y Nevis,Сент-Китс и Невис,圣基茨和尼维斯,سانت كيتس ونيفس
KR,KOR,410,South Korea,Korea,"Korea, Rep.",Republic of Korea,Korea (the Republic of),Corée (la République de),Corée du Sud,Republic of Korea,"Korea, Rep.",Republic of Korea,République de Corée,‏República de Corea,Республика Корея,大韩民国,جمهورية كوريا
KW,KWT,414,Kuwait,Kuwait,Kuwait,State of Kuwait,Kuwait,Koweït (le),,Kuwait,Kuwait,Kuwait,Koweït,‏Kuwait,Кувейт,科威特,الكويت
LA,LAO,418,Lao PDR,Lao PDR,Lao PDR,Lao People's Democratic Republic,Lao People's Democratic Republic (the),"Lao, République démocratique populaire",Laos,Lao People's Democratic Republic,Lao PDR,Lao People’s Democratic Republic,République démocratique populaire lao,‏República Democrática Popular Lao,"Лаосская Народно-Демократическая 
 Республика",老挝人民民主共和国,جمهورية لاو الديمقراطية الشعبية
LB,LBN,422,Lebanon,Lebanon,Lebanon,Lebanese Republic,Lebanon,Liban (le),,Lebanon,Lebanon,Lebanon,Liban,‏Líbano,Ливан,黎巴嫩,لبنان
LR,LBR,430,Liberia,Liberia,Liberia,Republic of Liberia,Liberia,Libéria (le),,Liberia,Liberia,Liberia,Libéria,‏Liberia,Либерия,利比里亚,ليبريا
LY,LBY,434,Libya,Libya,Libya,Libya,Libya,Libye (la),,Libya,Libya,Libya,Libye,‏Libia,Ливия,利比亚,ليبيا
LC,LCA,662,Saint Lucia,Saint Lucia,St. Lucia,Saint Lucia,Saint Lucia,Sainte-Lucie,,Saint Lucia,St. Lucia,Saint Lucia,Sainte-Lucie,‏Santa Lucía,Сент-Люсия,圣卢西亚,سانت لوسيا
LI,LIE,438,Liechtenstein,Liechtenstein,Liechtenstein,Principality of Liechtenstein,Liechtenstein,Liechtenstein (le),,Liechtenstein,Liechtenstein,Liechtenstein,Liechtenstein,‏Liechtenstein,Лихтенштейн,列支敦士登,ليختنشتاين
LK,LKA,144,Sri Lanka,Sri Lanka,Sri Lanka,Democratic Socialist Republic of Sri Lanka,Sri Lanka,Sri Lanka,,Sri Lanka,Sri Lanka,Sri Lanka,Sri Lanka,‏Sri Lanka,Шри-Ланка,斯里兰卡,سري لانكا
LS,LSO,426,Lesotho,Lesotho,Lesotho,Kingdom of Lesotho,Lesotho,Lesotho (le),,Lesotho,Lesotho,Lesotho,Lesotho,‏Lesotho,Лесото,莱索托,ليسوتو
LT,LTU,440,Lithuania,Lithuania,Lithuania,Republic of Lithuania,Lithuania,Lituanie (la),,Lithuania,Lithuania,Lithuania,Lituanie,‏Lituania,Литва,立陶宛,ليتوانيا
LU,LUX,442,Luxembourg,Luxembourg,Luxembourg,Grand Duchy of Luxembourg,Luxembourg,Luxembourg (le),,Luxembourg,Luxembourg,Luxembourg,Luxembourg,‏Luxemburgo,Люксембург,卢森堡,لكسمبرغ
LV,LVA,428,Latvia,Latvia,Latvia,Republic of Latvia,Latvia,Lettonie (la),,Latvia,Latvia,Latvia,Lettonie,‏Letonia,Латвия,拉脱维亚,لاتفيا
MO,MAC,446,Macao,"Macao, China (SAR)","Macao SAR, China","Macao Special Administrative Region, PRC",Macao,Macao,,"China, Macao SAR","Macao SAR, China",,,,,,
MF,MAF,663,Saint-Martin,St-Martin,St. Martin (French part),Saint-Martin (French part),Saint Martin (French part),Saint-Martin (partie française),Saint-Martin,,St. Martin (French part),,,,,,
MA,MAR,504,Morocco,Morocco,Morocco,Kingdom of Morocco,Morocco,Maroc (le),,Morocco,Morocco,Morocco,Maroc,‏Marruecos,Марокко,摩洛哥,المغرب
MC,MCO,492,Monaco,Monaco,Monaco,Principality of Monaco,Monaco,Monaco,,Monaco,Monaco,Monaco,Monaco,‏Mónaco,Монако,摩纳哥,موناكو
MD,MDA,498,Moldova,Moldova,Moldova,Republic of Moldova,Moldova (the Republic of),"Moldova , République de",Moldavie,Republic of Moldova,Moldova,Republic of Moldova,République de Moldova,‏República de Moldova,Республика Молдова,摩尔多瓦共和国,جمهورية مولدوفا
MG,MDG,450,Madagascar,Madagascar,Madagascar,Republic of Madagascar,Madagascar,Madagascar,,Madagascar,Madagascar,Madagascar,Madagascar,‏Madagascar,Мадагаскар,马达加斯加,مدغشقر
MV,MDV,462,Maldives,Maldives,Maldives,Republic of Maldives,Maldives,Maldives (les),,Maldives,Maldives,Maldives,Maldives,‏Maldivas,Мальдивские Острова,马尔代夫,ملديف
MX,MEX,484,Mexico,Mexico,Mexico,United Mexican States,Mexico,Mexique (le),,Mexico,Mexico,Mexico,Mexique,‏México,Мексика,墨西哥,المكسيك
MH,MHL,584,Marshall Islands,Marshall Is.,Marshall Islands,Republic of the Marshall Islands,Marshall Islands (the),Marshall (Îles),,Marshall Islands,Marshall Islands,Marshall Islands,Îles Marshall,‏Islas Marshall,Маршалловы Острова,马绍尔群岛,جزر مارشال
MK,MKD,807,Macedonia,Macedonia,"Macedonia, FYR",Former Yugoslav Republic of Macedonia,Macedonia (the former Yugoslav Republic of),Macédoine (l'ex‑République yougoslave de),Macédoine,TFYR Macedonia,"Macedonia, FYR",The former Yugoslav Republic of Macedonia,Ex-République yougoslave de Macédoine,‏ex República Yugoslava de Macedonia,Бывшая югославская Республика Македония,前南斯拉夫的马其顿共和国,جمهورية مقدونيا اليوغوسلافية السابقة
ML,MLI,466,Mali,Mali,Mali,Republic of Mali,Mali,Mali (le),,Mali,Mali,Mali,Mali,‏Malí,Мали,马里,مالي
MT,MLT,470,Malta,Malta,Malta,Republic of Malta,Malta,Malte,,Malta,Malta,Malta,Malte,‏Malta,Мальта,马耳他,مالطة
MM,MMR,104,Myanmar,Myanmar,Myanmar,Republic of the Union of Myanmar,Myanmar,Myanmar (le),,Myanmar,Myanmar,Myanmar,Myanmar,‏Myanmar,Мьянма,缅甸,ميانمار
ME,MNE,499,Montenegro,Montenegro,Montenegro,Montenegro,Montenegro,Monténégro (le),,Montenegro,Montenegro,Montenegro,Monténégro,‏Montenegro,ерногория,黑山共和国,الجبل الأسود
MN,MNG,496,Mongolia,Mongolia,Mongolia,Mongolia,Mongolia,Mongolie (la),,Mongolia,Mongolia,Mongolia,Mongolie,‏Mongolia,Монголия,蒙古,منغوليا
MP,MNP,580,Northern Mariana Islands,N. Mariana Is.,Northern Mariana Islands,Commonwealth of the Northern Mariana Islands,Northern Mariana Islands (the),Mariannes du Nord (les Îles),Îles Mariannes du Nord,Northern Mariana Islands,Northern Mariana Islands,,,,,,
MZ,MOZ,508,Mozambique,Mozambique,Mozambique,Republic of Mozambique,Mozambique,Mozambique (le),,Mozambique,Mozambique,Mozambique,Mozambique,‏Mozambique,Мозамбик,莫桑比克,موزامبيق
MR,MRT,478,Mauritania,Mauritania,Mauritania,Islamic Republic of Mauritania,Mauritania,Mauritanie (la),,Mauritania,Mauritania,Mauritania,Mauritanie,‏Mauritania,Мавритания,毛里塔尼亚,موريتانيا
MQ,MTQ,474,Martinique,Martinique,Martinique,Department of Martinique,Martinique,Martinique (la),Martinique,Martinique,,,,,,,
MU,MUS,480,Mauritius,Mauritius,Mauritius,Republic of Mauritius,Mauritius,Maurice,Maurice,Mauritius,Mauritius,Mauritius,Maurice,‏Mauricio,Маврикий,毛里求斯,موريشيوس
MW,MWI,454,Malawi,Malawi,Malawi,Republic of Malawi,Malawi,Malawi (le),,Malawi,Malawi,Malawi,Malawi,‏Malawi,Малави,马拉维,ملاوي
MY,MYS,458,Malaysia,Malaysia,Malaysia,Malaysia,Malaysia,Malaisie (la),,Malaysia,Malaysia,Malaysia,Malaisie,‏Malasia,Малайзия,马来西亚,ماليزيا
YT,MYT,175,Mayotte,Mayotte,Mayotte,Mayotte,Mayotte,Mayotte,,Mayotte,,,,,,,
NA,NAM,516,Namibia,Namibia,Namibia,Republic of Namibia,Namibia,Namibie (la),,Namibia,Namibia,Namibia,Namibie,‏Namibia,Намибия,纳米比亚,ناميبيا
NC,NCL,540,New Caledonia,New Caledonia,New Caledonia,New Caledonia,New Caledonia,Nouvelle-Calédonie (la),Nouvelle-Calédonie,New Caledonia,New Caledonia,,,,,,
NE,NER,562,Niger,Niger,Niger,Republic of Niger,Niger (the),Niger (le),,Niger,Niger,Niger,Niger,‏Niger,Нигер,尼日尔,النيجر
NG,NGA,566,Nigeria,Nigeria,Nigeria,Federal Republic of Nigeria,Nigeria,Nigéria (le),,Nigeria,Nigeria,Nigeria,Nigéria,‏Nigeria,Нигерия,尼日利亚,نيجيريا
NI,NIC,558,Nicaragua,Nicaragua,Nicaragua,Republic of Nicaragua,Nicaragua,Nicaragua (le),,Nicaragua,Nicaragua,Nicaragua,Nicaragua,‏Nicaragua,Никарагуа,尼加拉瓜,نيكاراغوا
NU,NIU,570,Niue,Niue,Niue,,Niue,Niue,,Niue,,,,,,,
NL,NLD,528,Netherlands,Netherlands,Netherlands,Kingdom of the Netherlands,Netherlands (the),Pays-Bas (les),,Netherlands,Netherlands,Netherlands,Pays-Bas,‏Países Bajos,Нидерланды,荷兰,هولندا
NO,NOR,578,Norway,Norway,Norway,Kingdom of Norway,Norway,Norvège (la),,Norway,Norway,Norway,Norvège,‏Noruega,Норвегия,挪威,النرويج
NP,NPL,524,Nepal,Nepal,Nepal,Nepal,Nepal,Népal (le),,Nepal,Nepal,Nepal,Népal,‏República Federal Democrática de Nepal,Непал,尼泊尔,نيبال
NR,NRU,520,Nauru,Nauru,Nauru,Republic of Nauru,Nauru,Nauru,,Nauru,,Nauru,Nauru,‏Nauru,Науру,瑙鲁,ناورو
NZ,NZL,554,New Zealand,New Zealand,New Zealand,New Zealand,New Zealand,Nouvelle-Zélande (la),,New Zealand,New Zealand,New Zealand,Nouvelle-Zélande,‏Nueva Zelandia,Новая Зеландия,新西兰,نيوزيلندا
OM,OMN,512,Oman,Oman,Oman,Sultanate of Oman,Oman,Oman,,Oman,Oman,Oman,Oman,‏Omán,Оман,阿曼,عمان
PK,PAK,586,Pakistan,Pakistan,Pakistan,Islamic Republic of Pakistan,Pakistan,Pakistan (le),,Pakistan,Pakistan,Pakistan,Pakistan,‏Pakistán,Пакистан,巴基斯坦,باكستان
PA,PAN,591,Panama,Panama,Panama,Republic of Panama,Panama,Panama (le),,Panama,Panama,Panama,Panama,‏Panamá,Панама,巴拿马,بنما
PN,PCN,612,Pitcairn Islands,Pitcairn Is.,Pitcairn Islands,"Pitcairn, Henderson, Ducie and Oeno Islands",Pitcairn,Pitcairn,,,,,,,,,
PE,PER,604,Peru,Peru,Peru,Republic of Peru,Peru,Pérou (le),,Peru,Peru,Peru,Pérou,‏Perú,Перу,秘鲁,بيرو
PH,PHL,608,Philippines,Philippines,Philippines,Republic of the Philippines,Philippines (the),Philippines (les),,Philippines,Philippines,Philippines,Philippines,‏Filipinas,Филиппины,菲律宾,الفلبين
PW,PLW,585,Palau,Palau,Palau,Republic of Palau,Palau,Palaos (les),,Palau,Palau,Palau,Palaos,‏Palau,Палау,帕劳,بالاو
PG,PNG,598,Papua New Guinea,Papua New Guinea,Papua New Guinea,Independent State of Papua New Guinea,Papua New Guinea,Papouasie-Nouvelle-Guinée (la),,Papua New Guinea,Papua New Guinea,Papua New Guinea,Papouasie-Nouvelle-Guinée,‏Papua Nueva Guinea,Папуа-Новая Гвинея,巴布亚新几内亚,بابوا غينيا الجديدة
PL,POL,616,Poland,Poland,Poland,Republic of Poland,Poland,Pologne (la),,Poland,Poland,Poland,Pologne,‏Polonia,Польша,波兰,بولندا
PR,PRI,630,Puerto Rico,Puerto Rico,Puerto Rico,Commonwealth of Puerto Rico,Puerto Rico,Porto Rico,,Puerto Rico,Puerto Rico,,,,,,
KP,PRK,408,North Korea,Dem. Rep. Korea,"Korea, Dem. Rep.",Democratic People's Republic of Korea,Korea (the Democratic People's Republic of),Corée (la République populaire démocratique de),Corée du Nord,Dem. People's Republic of Korea,"Korea, Dem. Rep.",Democratic People's Republic of Korea,République populaire démocratique de Corée,‏República Popular Democrática de Corea,Коре́йская Наро́дно-Демократи́ческая Респу́блика,朝鲜民主主义人民共和国,جمهورية كوريا الشعبية الديمقراطية
PT,PRT,620,Portugal,Portugal,Portugal,Portuguese Republic,Portugal,Portugal (le),,Portugal,Portugal,Portugal,Portugal,‏Portugal,Португалия,葡萄牙,البرتغال
PY,PRY,600,Paraguay,Paraguay,Paraguay,Republic of Paraguay,Paraguay,Paraguay (le),,Paraguay,Paraguay,Paraguay,Paraguay,‏Paraguay,Парагвай,巴拉圭,باراغواي
PS,PSE,275,Palestine,Palestine,Palestine (West Bank and Gaza),West Bank and Gaza,"Palestine, State of","Palestine, État de",Palestine,State of Palestine,West Bank and Gaza,,,,,,
PF,PYF,258,French Polynesia,Fr. Polynesia,French Polynesia,French Polynesia,French Polynesia,Polynésie française (la),Polynésie française,French Polynesia,French Polynesia,,,,,,
QA,QAT,634,Qatar,Qatar,Qatar,State of Qatar,Qatar,Qatar (le),,Qatar,Qatar,Qatar,Qatar,‏Qatar,Катар,卡塔尔,قطر
RE,REU,638,Réunion,Réunion,Réunion,Réunion,Réunion,Réunion (La),Réunion,Réunion,,,,,,,
RO,ROU,642,Romania,Romania,Romania,Romania,Romania,Roumanie (la),,Romania,Romania,Romania,Roumanie,‏Rumania,Румыния,罗马尼亚,رومانيا
RU,RUS,643,Russian Federation,Russia,Russian Federation,Russian Federation,Russian Federation (the),Russie (la Fédération de),Russie,Russian Federation,Russian Federation,Russian Federation,Fédération de Russie,‏Federación de Rusia,Российская Федерация,俄罗斯联邦,الاتحاد الروسي
RW,RWA,646,Rwanda,Rwanda,Rwanda,Republic of Rwanda,Rwanda,Rwanda (le),,Rwanda,Rwanda,Rwanda,Rwanda,‏Rwanda,Руанда,卢旺达,رواندا
SA,SAU,682,Saudi Arabia,Saudi Arabia,Saudi Arabia,Kingdom of Saudi Arabia,Saudi Arabia,Arabie saoudite (l'),,Saudi Arabia,Saudi Arabia,Saudi Arabia,Arabie saoudite,‏Arabia Saudita,Саудовская Аравия,沙特阿拉伯,المملكة العربية السعودية
SD,SDN,729,Sudan,Sudan,Sudan,Republic of the Sudan,Sudan (the),Soudan (le),,Sudan,Sudan,Sudan,Soudan,‏Sudán,Судан,苏丹,السودان
SN,SEN,686,Senegal,Senegal,Senegal,Republic of Senegal,Senegal,Sénégal (le),,Senegal,Senegal,Senegal,Sénégal,‏Senegal,Сенегал,塞内加尔,السنغال
SG,SGP,702,Singapore,Singapore,Singapore,Republic of Singapore,Singapore,Singapour,,Singapore,Singapore,Singapore,Singapour,‏Singapur,Сингапур,新加坡,سنغافورة
GS,SGS,239,South Georgia and South Sandwich Islands,S. Geo. and S. Sandw. Is.,South Georgia and the Islands,South Georgia and South Sandwich Islands,South Georgia and the South Sandwich Islands,Géorgie du Sud-et-les Îles Sandwich du Sud (la),Géorgie du Sud-et-les Îles Sandwich du Sud,,,,,,,,
SH,SHN,654,Saint Helena,Saint Helena,St. Helena,,"Saint Helena, Ascension and Tristan da Cunha","Sainte-Hélène, Ascension et Tristan da Cunha",Sainte-Hélène,Saint Helena,,,,,,,
SJ,SJM,-99,Jan Mayen Island,Jan Mayen I.,Jan Mayen I.,,Svalbard and Jan Mayen,Svalbard et l'Île Jan Mayen (le),Svalbard et l'Île Jan Mayen,,,,,,,,
SB,SLB,90,Solomon Islands,Solomon Is.,Solomon Islands,,Solomon Islands,Salomon (Îles),,Solomon Islands,Solomon Islands,Solomon Islands,Îles Salomon,‏Islas Salomón,Соломоновы Острова,所罗门群岛,جزر سليمان
SL,SLE,694,Sierra Leone,Sierra Leone,Sierra Leone,Republic of Sierra Leone,Sierra Leone,Sierra Leone (la),,Sierra Leone,Sierra Leone,Sierra Leone,Sierra Leone,‏Sierra Leona,Сьерра-Леоне,塞拉利昂,سيراليون
SV,SLV,222,El Salvador,El Salvador,El Salvador,Republic of El Salvador,El Salvador,El Salvador,,El Salvador,El Salvador,El Salvador,El Salvador,‏El Salvador,Сальвадор,萨尔瓦多,السلفادور
SM,SMR,674,San Marino,San Marino,San Marino,Republic of San Marino,San Marino,Saint-Marin,,San Marino,San Marino,San Marino,Saint-Marin,‏San Marino,Сан-Марино,圣马力诺,سان مارينو
SO,SOM,706,Somalia,Somalia,Somalia,Federal Republic of Somalia,Somalia,Somalie (la),,Somalia,Somalia,Somalia,Somalie,‏Somalia,Сомали,索马里,الصومال
PM,SPM,666,Saint Pierre and Miquelon,St. Pierre and Miquelon,St. Pierre and Miquelon,Saint Pierre and Miquelon,Saint Pierre and Miquelon,Saint-Pierre-et-Miquelon,Saint-Pierre-et-Miquelon,Saint Pierre and Miquelon,,,,,,,
RS,SRB,688,Serbia,Serbia,Serbia,Republic of Serbia,Serbia,Serbie (la),,Serbia,Serbia,Serbia,Serbie,‏Serbia,Сербия,塞尔维亚共和国,صربيا
SS,SSD,728,South Sudan,S. Sudan,South Sudan,Republic of South Sudan,South Sudan,Soudan du Sud (le),,South Sudan,South Sudan,South ‎Sudan,Soudan du Sud,‏Sudán del Sur,жный Судан,南苏丹,جمهورية جنوب السودان
ST,STP,678,So Tom and Principe,So Tom and Principe,So Tom and Principe,Democratic Republic of So Tom and Principe,Sao Tome and Principe,Sao Tomé-et-Principe,,Sao Tome and Principe,São Tomé and Principe,Sao Tome and Principe,Sao Tomé-et-Principe,‏Santo Tomé y Príncipe,Сан-Томе и Принсипи,圣多美和普林西比,سان تومي وبرينسيبي
SR,SUR,740,Suriname,Suriname,Suriname,Republic of Suriname,Suriname,Suriname (le),,Suriname,Suriname,Suriname,Suriname,‏Suriname,Суринам,苏里南,سورينام
SK,SVK,703,Slovakia,Slovakia,Slovak Republic,Slovak Republic,Slovakia,Slovaquie (la),,Slovakia,Slovak Republic,Slovakia,Slovaquie,‏Eslovaquia,Словакия,斯洛伐克,سلوفاكيا
SI,SVN,705,Slovenia,Slovenia,Slovenia,Republic of Slovenia,Slovenia,Slovénie (la),,Slovenia,Slovenia,Slovenia,Slovénie,‏Eslovenia,Словения,斯洛文尼亚,سلوفينيا
SE,SWE,752,Sweden,Sweden,Sweden,Kingdom of Sweden,Sweden,Suède (la),,Sweden,Sweden,Sweden,Suède,‏Suecia,веция,瑞典,السويد
SZ,SWZ,748,Swaziland,Swaziland,Swaziland,Kingdom of Swaziland,Swaziland,Swaziland (le),,Swaziland,Swaziland,Swaziland,Swaziland,‏Swazilandia,Свазиленд,斯威士兰,سوازيلند
SX,SXM,534,Sint Maarten,Sint Maarten,St. Maarten (Dutch part),Sint Maarten (Dutch part),Sint Maarten (Dutch part),Saint-Martin (partie néerlandaise),Sint Maarten,Sint Maarten (Dutch part),Sint Maarten (Dutch part),,,,,,
SC,SYC,690,Seychelles,Seychelles,Seychelles,Republic of Seychelles,Seychelles,Seychelles (les),,Seychelles,Seychelles,Seychelles,Seychelles,‏Seychelles,Сейшельские Острова,塞舌尔,سيشيل
SY,SYR,760,Syria,Syria,Syrian Arab Republic,Syrian Arab Republic,Syrian Arab Republic,République arabe syrienne (la),Syrie,Syrian Arab Republic,Syrian Arab Republic,Syrian Arab Republic,République arabe syrienne,‏República Árabe Siria,Сирийская Арабская Республика,阿拉伯叙利亚共和国,الجمهورية العربية السورية
TC,TCA,796,Turks and Caicos Islands,Turks and Caicos Is.,Turks and Caicos Islands,Turks and Caicos Islands,Turks and Caicos Islands (the),Turks-et-Caïcos (les Îles),Îles Turks-et-Caïcos,Turks and Caicos Islands,Turks and Caicos Islands,,,,,,
TD,TCD,148,Chad,Chad,Chad,Republic of Chad,Chad,Tchad (le),,Chad,Chad,Chad,Tchad,‏Chad,ад,乍得,تشاد
TG,TGO,768,Togo,Togo,Togo,Togolese Republic,Togo,Togo (le),,Togo,Togo,Togo,Togo,‏Togo,Того,多哥,توغو
TH,THA,764,Thailand,Thailand,Thailand,Kingdom of Thailand,Thailand,Thaïlande (la),,Thailand,Thailand,Thailand,Thaïlande,‏Tailandia,Таиланд,泰国,تايلند
TJ,TJK,762,Tajikistan,Tajikistan,Tajikistan,Republic of Tajikistan,Tajikistan,Tadjikistan (le),,Tajikistan,Tajikistan,Tajikistan,Tadjikistan,‏Tayikistán,Таджикистан,塔吉克斯坦,طاجيكستان
TK,TKL,772,Tokelau,Tokelau,Tokelau,,Tokelau,Tokelau (les),,Tokelau,,,,,,,
TM,TKM,795,Turkmenistan,Turkmenistan,Turkmenistan,Turkmenistan,Turkmenistan,Turkménistan (le),,Turkmenistan,Turkmenistan,Turkmenistan,Turkménistan,‏Turkmenistán,Туркменистан,土库曼斯坦,تركمانستان
TL,TLS,626,Timor-Leste,Timor-Leste,Timor-Leste,Democratic Republic of Timor-Leste,Timor-Leste,Timor-Leste (le),,Timor-Leste,Timor-Leste,Timor,Timor-Leste,Timor-Leste,Тимор-Лешти,东帝汶,تيمور- ليشتي
TO,TON,776,Tonga,Tonga,Tonga,Kingdom of Tonga,Tonga,Tonga (les),,Tonga,Tonga,Tonga,Tonga,‏Tonga,Тонга,汤加,تونغا
TT,TTO,780,Trinidad and Tobago,Trinidad and Tobago,Trinidad and Tobago,Republic of Trinidad and Tobago,Trinidad and Tobago,Trinité-et-Tobago (la),,Trinidad and Tobago,Trinidad and Tobago,Trinidad and Tobago,Trinité-et-Tobago,‏Trinidad y Tabago,Тринидад и Тобаго,特立尼达和多巴哥,ترينيداد وتوباغو
TN,TUN,788,Tunisia,Tunisia,Tunisia,Republic of Tunisia,Tunisia,Tunisie (la),,Tunisia,Tunisia,Tunisia,Tunisie,‏Túnez,Тунис,突尼斯,تونس
TR,TUR,792,Turkey,Turkey,Turkey,Republic of Turkey,Turkey,Turquie (la),,Turkey,Turkey,Turkey,Turquie,‏Turquía,Турция,土耳其,تركيا
TV,TUV,798,Tuvalu,Tuvalu,Tuvalu,Tuvalu,Tuvalu,Tuvalu (les),,Tuvalu,Tuvalu,Tuvalu,Tuvalu,‏Tuvalu,Тувалу,图瓦卢,توفالو
TW,TWN,158,Taiwan,Taiwan,Taiwan,,Taiwan (Province of China),Taïwan (Province de Chine),Taïwan,Other non-specified areas,,,,,,,
TZ,TZA,834,Tanzania,Tanzania,Tanzania,United Republic of Tanzania,"Tanzania, United Republic of","Tanzanie, République-Unie de",Tanzanie,United Republic of Tanzania,Tanzania,United Republic of Tanzania,République-Unie de Tanzanie,‏República Unida de Tanzanía,Объединенная Республика Танзания,坦桑尼亚联合共和国,جمهورية تنزانيا المتحدة
UG,UGA,800,Uganda,Uganda,Uganda,Republic of Uganda,Uganda,Ouganda (l'),,Uganda,Uganda,Uganda,Ouganda,‏Uganda,Уганда,乌干达,أوغندا
UA,UKR,804,Ukraine,Ukraine,Ukraine,Ukraine,Ukraine,Ukraine (l'),,Ukraine,Ukraine,Ukraine,Ukraine,‏Ucrania,Украина,乌克兰,أوكرانيا
UY,URY,858,Uruguay,Uruguay,Uruguay,Oriental Republic of Uruguay,Uruguay,Uruguay (l'),,Uruguay,Uruguay,Uruguay,Uruguay,‏Uruguay,Уругвай,乌拉圭,أوروغواي
US,USA,840,United States,United States,United States of America,United States of America,United States of America (the),États-Unis d'Amérique (les),États-Unis,United States of America,United States,United States of America,États-Unis d'Amérique,‏Estados Unidos de América,Соединенные Штаты Америки,美利坚合众国,الولايات المتحدة الأمريكية
UZ,UZB,860,Uzbekistan,Uzbekistan,Uzbekistan,Republic of Uzbekistan,Uzbekistan,Ouzbékistan (l'),,Uzbekistan,Uzbekistan,Uzbekistan,Ouzbékistan,‏Uzbekistán,Узбекистан,乌兹别克斯坦,أوزبكستان
VA,VAT,336,Vatican,Vatican,Vatican (Holy Sea),State of the Vatican City,Holy See (the),Saint-Siège (le),Vatican,Holy See,,,Saint-Siège,,,,
VC,VCT,670,Saint Vincent and the Grenadines,St. Vin. and Gren.,St. Vincent and the Grenadines,Saint Vincent and the Grenadines,Saint Vincent and the Grenadines,Saint-Vincent-et-les Grenadines,,Saint Vincent and the Grenadines,St. Vincent and the Grenadines,Saint Vincent and the Grenadines,Saint-Vincent-et-les Grenadines,‏San Vicente y las Granadinas,Сент-Винсент и Гренадины,圣文森特和格林纳丁斯,سانت فنسنت وجزر غرينادين
VE,VEN,862,Venezuela,Venezuela,"Venezuela, RB",Bolivarian Republic of Venezuela,Venezuela (Bolivarian Republic of),Venezuela (République bolivarienne du),Venezuela,Venezuela (Bolivarian Republic of),"Venezuela, RB",Venezuela (Bolivarian Republic of),Venezuela (République bolivarienne du),‏Venezuela (República Bolivariana de),Венесуэла (Боливарианская Республика),委内瑞拉,فنزويلا (جمهورية - البوليفارية)
VG,VGB,92,British Virgin Islands,British Virgin Is.,British Virgin Islands,British Virgin Islands,Virgin Islands (British),Vierges britanniques (les Îles),Îles Vierges britanniques,British Virgin Islands,,,,,,,
VI,VIR,850,United States Virgin Islands,U.S. Virgin Is.,Virgin Islands (U.S.),Virgin Islands of the United States,Virgin Islands (U.S.),Vierges des États-Unis (les Îles),Îles Vierges des États-Unis,United States Virgin Islands,Virgin Islands (U.S.),,,,,,
VN,VNM,704,Vietnam,Vietnam,Vietnam,Socialist Republic of Vietnam,Viet Nam,Viet Nam (le),,Viet Nam,Vietnam,Viet Nam,Viet Nam,‏Viet Nam,Вьетнам,越南,فييت نام
VU,VUT,548,Vanuatu,Vanuatu,Vanuatu,Republic of Vanuatu,Vanuatu,Vanuatu (le),,Vanuatu,Vanuatu,Vanuatu,Vanuatu,‏Vanuatu,Вануату,瓦努阿图,فانواتو
WF,WLF,876,Wallis and Futuna Islands,Wallis and Futuna Is.,Wallis and Futuna,Wallis and Futuna Islands,Wallis and Futuna,Wallis-et-Futuna,,Wallis and Futuna Islands,,,,,,,
WS,WSM,882,Samoa,Samoa,Samoa,Independent State of Samoa,Samoa,Samoa (le),,Samoa,Samoa,Samoa,Samoa,‏Samoa,Самоа,萨摩亚,ساموا
XK,XKX,-99,Kosovo,Kosovo,Kosovo,Republic of Kosovo,,,,,Kosovo,,,,,,
YE,YEM,887,Yemen,Yemen,"Yemen, Rep.",Republic of Yemen,Yemen,Yémen (le),,Yemen,"Yemen, Rep.",Yemen,Yémen,‏Yemen,Йемен,也门,اليمن
ZA,ZAF,710,South Africa,South Africa,South Africa,Republic of South Africa,South Africa,Afrique du Sud (l'),,South Africa,South Africa,South Africa,Afrique du Sud,‏Sudáfrica,жная Африка,南非,جنوب أفريقيا
ZM,ZMB,894,Zambia,Zambia,Zambia,Republic of Zambia,Zambia,Zambie (la),,Zambia,Zambia,Zambia,Zambie,‏Zambia,Замбия,赞比亚,زامبيا
ZW,ZWE,716,Zimbabwe,Zimbabwe,Zimbabwe,Republic of Zimbabwe,Zimbabwe,Zimbabwe (le),,Zimbabwe,Zimbabwe,Zimbabwe,Zimbabwe,‏Zimbabwe,Зимбабве,津巴布韦,زمبابوي
